category,upc,price_ex,price_in,tax,Availability,Number_of_reviews
Travel,228ba5e7577e1d49,26.08,26.08,0.00,In stock (1 available),0
Travel,228ba5e7577e1d49,26.08,26.08,0.00,In stock (1 available),0
Travel,228ba5e7577e1d49,26.08,26.08,0.00,In stock (1 available),0
Travel,228ba5e7577e1d49,26.08,26.08,0.00,In stock (1 available),0
Travel,228ba5e7577e1d49,26.08,26.08,0.00,In stock (1 available),0
Travel,228ba5e7577e1d49,26.08,26.08,0.00,In stock (1 available),0
Travel,228ba5e7577e1d49,26.08,26.08,0.00,In stock (1 available),0
Travel,228ba5e7577e1d49,26.08,26.08,0.00,In stock (1 available),0
Travel,228ba5e7577e1d49,26.08,26.08,0.00,In stock (1 available),0
Travel,228ba5e7577e1d49,26.08,26.08,0.00,In stock (1 available),0
Travel,228ba5e7577e1d49,26.08,26.08,0.00,In stock (1 available),0
Travel,228ba5e7577e1d49,26.08,26.08,0.00,In stock (1 available),0
Travel,228ba5e7577e1d49,26.08,26.08,0.00,In stock (1 available),0
Travel,228ba5e7577e1d49,26.08,26.08,0.00,In stock (1 available),0
Travel,228ba5e7577e1d49,26.08,26.08,0.00,In stock (1 available),0
Travel,228ba5e7577e1d49,26.08,26.08,0.00,In stock (1 available),0
Travel,228ba5e7577e1d49,26.08,26.08,0.00,In stock (1 available),0
Travel,228ba5e7577e1d49,26.08,26.08,0.00,In stock (1 available),0
Travel,228ba5e7577e1d49,26.08,26.08,0.00,In stock (1 available),0
Travel,228ba5e7577e1d49,26.08,26.08,0.00,In stock (1 available),0
Travel,228ba5e7577e1d49,26.08,26.08,0.00,In stock (1 available),0
Travel,228ba5e7577e1d49,26.08,26.08,0.00,In stock (1 available),0
Travel,228ba5e7577e1d49,26.08,26.08,0.00,In stock (1 available),0
Travel,228ba5e7577e1d49,26.08,26.08,0.00,In stock (1 available),0
Travel,228ba5e7577e1d49,26.08,26.08,0.00,In stock (1 available),0
Travel,228ba5e7577e1d49,26.08,26.08,0.00,In stock (1 available),0
Travel,228ba5e7577e1d49,26.08,26.08,0.00,In stock (1 available),0
Travel,228ba5e7577e1d49,26.08,26.08,0.00,In stock (1 available),0
Travel,228ba5e7577e1d49,26.08,26.08,0.00,In stock (1 available),0
Travel,228ba5e7577e1d49,26.08,26.08,0.00,In stock (1 available),0
Travel,228ba5e7577e1d49,26.08,26.08,0.00,In stock (1 available),0
Travel,228ba5e7577e1d49,26.08,26.08,0.00,In stock (1 available),0
Travel,228ba5e7577e1d49,26.08,26.08,0.00,In stock (1 available),0
Travel,228ba5e7577e1d49,26.08,26.08,0.00,In stock (1 available),0
Travel,228ba5e7577e1d49,26.08,26.08,0.00,In stock (1 available),0
Travel,228ba5e7577e1d49,26.08,26.08,0.00,In stock (1 available),0
Travel,228ba5e7577e1d49,26.08,26.08,0.00,In stock (1 available),0
Travel,228ba5e7577e1d49,26.08,26.08,0.00,In stock (1 available),0
Travel,228ba5e7577e1d49,26.08,26.08,0.00,In stock (1 available),0
Travel,228ba5e7577e1d49,26.08,26.08,0.00,In stock (1 available),0
Travel,228ba5e7577e1d49,26.08,26.08,0.00,In stock (1 available),0
Travel,228ba5e7577e1d49,26.08,26.08,0.00,In stock (1 available),0
Travel,228ba5e7577e1d49,26.08,26.08,0.00,In stock (1 available),0
Travel,228ba5e7577e1d49,26.08,26.08,0.00,In stock (1 available),0
Travel,228ba5e7577e1d49,26.08,26.08,0.00,In stock (1 available),0
Travel,228ba5e7577e1d49,26.08,26.08,0.00,In stock (1 available),0
Travel,228ba5e7577e1d49,26.08,26.08,0.00,In stock (1 available),0
Travel,228ba5e7577e1d49,26.08,26.08,0.00,In stock (1 available),0
Travel,228ba5e7577e1d49,26.08,26.08,0.00,In stock (1 available),0
Travel,228ba5e7577e1d49,26.08,26.08,0.00,In stock (1 available),0
Travel,228ba5e7577e1d49,26.08,26.08,0.00,In stock (1 available),0
Travel,228ba5e7577e1d49,26.08,26.08,0.00,In stock (1 available),0
Travel,228ba5e7577e1d49,26.08,26.08,0.00,In stock (1 available),0
Travel,228ba5e7577e1d49,26.08,26.08,0.00,In stock (1 available),0
Travel,228ba5e7577e1d49,26.08,26.08,0.00,In stock (1 available),0
Travel,228ba5e7577e1d49,26.08,26.08,0.00,In stock (1 available),0
Travel,228ba5e7577e1d49,26.08,26.08,0.00,In stock (1 available),0
Travel,228ba5e7577e1d49,26.08,26.08,0.00,In stock (1 available),0
Travel,228ba5e7577e1d49,26.08,26.08,0.00,In stock (1 available),0
Travel,228ba5e7577e1d49,26.08,26.08,0.00,In stock (1 available),0
Travel,228ba5e7577e1d49,26.08,26.08,0.00,In stock (1 available),0
Travel,228ba5e7577e1d49,26.08,26.08,0.00,In stock (1 available),0
Travel,228ba5e7577e1d49,26.08,26.08,0.00,In stock (1 available),0
Travel,228ba5e7577e1d49,26.08,26.08,0.00,In stock (1 available),0
Travel,228ba5e7577e1d49,26.08,26.08,0.00,In stock (1 available),0
Travel,228ba5e7577e1d49,26.08,26.08,0.00,In stock (1 available),0
Travel,228ba5e7577e1d49,26.08,26.08,0.00,In stock (1 available),0
Travel,228ba5e7577e1d49,26.08,26.08,0.00,In stock (1 available),0
Travel,228ba5e7577e1d49,26.08,26.08,0.00,In stock (1 available),0
Travel,228ba5e7577e1d49,26.08,26.08,0.00,In stock (1 available),0
Travel,228ba5e7577e1d49,26.08,26.08,0.00,In stock (1 available),0
Travel,228ba5e7577e1d49,26.08,26.08,0.00,In stock (1 available),0
Travel,228ba5e7577e1d49,26.08,26.08,0.00,In stock (1 available),0
Travel,228ba5e7577e1d49,26.08,26.08,0.00,In stock (1 available),0
Travel,228ba5e7577e1d49,26.08,26.08,0.00,In stock (1 available),0
Travel,228ba5e7577e1d49,26.08,26.08,0.00,In stock (1 available),0
Travel,228ba5e7577e1d49,26.08,26.08,0.00,In stock (1 available),0
Travel,228ba5e7577e1d49,26.08,26.08,0.00,In stock (1 available),0
Travel,228ba5e7577e1d49,26.08,26.08,0.00,In stock (1 available),0
Travel,228ba5e7577e1d49,26.08,26.08,0.00,In stock (1 available),0
Travel,228ba5e7577e1d49,26.08,26.08,0.00,In stock (1 available),0
Travel,228ba5e7577e1d49,26.08,26.08,0.00,In stock (1 available),0
Travel,228ba5e7577e1d49,26.08,26.08,0.00,In stock (1 available),0
Travel,228ba5e7577e1d49,26.08,26.08,0.00,In stock (1 available),0
Travel,228ba5e7577e1d49,26.08,26.08,0.00,In stock (1 available),0
Travel,228ba5e7577e1d49,26.08,26.08,0.00,In stock (1 available),0
Travel,228ba5e7577e1d49,26.08,26.08,0.00,In stock (1 available),0
Travel,228ba5e7577e1d49,26.08,26.08,0.00,In stock (1 available),0
Travel,228ba5e7577e1d49,26.08,26.08,0.00,In stock (1 available),0
Travel,228ba5e7577e1d49,26.08,26.08,0.00,In stock (1 available),0
Travel,228ba5e7577e1d49,26.08,26.08,0.00,In stock (1 available),0
Travel,228ba5e7577e1d49,26.08,26.08,0.00,In stock (1 available),0
Travel,228ba5e7577e1d49,26.08,26.08,0.00,In stock (1 available),0
Travel,228ba5e7577e1d49,26.08,26.08,0.00,In stock (1 available),0
Travel,228ba5e7577e1d49,26.08,26.08,0.00,In stock (1 available),0
Travel,228ba5e7577e1d49,26.08,26.08,0.00,In stock (1 available),0
Travel,228ba5e7577e1d49,26.08,26.08,0.00,In stock (1 available),0
Travel,228ba5e7577e1d49,26.08,26.08,0.00,In stock (1 available),0
Travel,228ba5e7577e1d49,26.08,26.08,0.00,In stock (1 available),0
Travel,228ba5e7577e1d49,26.08,26.08,0.00,In stock (1 available),0
Travel,228ba5e7577e1d49,26.08,26.08,0.00,In stock (1 available),0
Travel,228ba5e7577e1d49,26.08,26.08,0.00,In stock (1 available),0
Travel,228ba5e7577e1d49,26.08,26.08,0.00,In stock (1 available),0
Travel,228ba5e7577e1d49,26.08,26.08,0.00,In stock (1 available),0
Travel,228ba5e7577e1d49,26.08,26.08,0.00,In stock (1 available),0
Travel,228ba5e7577e1d49,26.08,26.08,0.00,In stock (1 available),0
Travel,228ba5e7577e1d49,26.08,26.08,0.00,In stock (1 available),0
Travel,228ba5e7577e1d49,26.08,26.08,0.00,In stock (1 available),0
Travel,228ba5e7577e1d49,26.08,26.08,0.00,In stock (1 available),0
Travel,228ba5e7577e1d49,26.08,26.08,0.00,In stock (1 available),0
Travel,228ba5e7577e1d49,26.08,26.08,0.00,In stock (1 available),0
Travel,228ba5e7577e1d49,26.08,26.08,0.00,In stock (1 available),0
Travel,228ba5e7577e1d49,26.08,26.08,0.00,In stock (1 available),0
Travel,228ba5e7577e1d49,26.08,26.08,0.00,In stock (1 available),0
Travel,228ba5e7577e1d49,26.08,26.08,0.00,In stock (1 available),0
Travel,228ba5e7577e1d49,26.08,26.08,0.00,In stock (1 available),0
Travel,228ba5e7577e1d49,26.08,26.08,0.00,In stock (1 available),0
Travel,228ba5e7577e1d49,26.08,26.08,0.00,In stock (1 available),0
Travel,228ba5e7577e1d49,26.08,26.08,0.00,In stock (1 available),0
Travel,228ba5e7577e1d49,26.08,26.08,0.00,In stock (1 available),0
Travel,228ba5e7577e1d49,26.08,26.08,0.00,In stock (1 available),0
Travel,228ba5e7577e1d49,26.08,26.08,0.00,In stock (1 available),0
Travel,228ba5e7577e1d49,26.08,26.08,0.00,In stock (1 available),0
Travel,228ba5e7577e1d49,26.08,26.08,0.00,In stock (1 available),0
Travel,228ba5e7577e1d49,26.08,26.08,0.00,In stock (1 available),0
Travel,228ba5e7577e1d49,26.08,26.08,0.00,In stock (1 available),0
Travel,228ba5e7577e1d49,26.08,26.08,0.00,In stock (1 available),0
Travel,228ba5e7577e1d49,26.08,26.08,0.00,In stock (1 available),0
Travel,228ba5e7577e1d49,26.08,26.08,0.00,In stock (1 available),0
Travel,228ba5e7577e1d49,26.08,26.08,0.00,In stock (1 available),0
Travel,228ba5e7577e1d49,26.08,26.08,0.00,In stock (1 available),0
Travel,228ba5e7577e1d49,26.08,26.08,0.00,In stock (1 available),0
Travel,228ba5e7577e1d49,26.08,26.08,0.00,In stock (1 available),0
Travel,228ba5e7577e1d49,26.08,26.08,0.00,In stock (1 available),0
Travel,228ba5e7577e1d49,26.08,26.08,0.00,In stock (1 available),0
Travel,228ba5e7577e1d49,26.08,26.08,0.00,In stock (1 available),0
Travel,228ba5e7577e1d49,26.08,26.08,0.00,In stock (1 available),0
Travel,228ba5e7577e1d49,26.08,26.08,0.00,In stock (1 available),0
Travel,228ba5e7577e1d49,26.08,26.08,0.00,In stock (1 available),0
Travel,228ba5e7577e1d49,26.08,26.08,0.00,In stock (1 available),0
Travel,228ba5e7577e1d49,26.08,26.08,0.00,In stock (1 available),0
Travel,228ba5e7577e1d49,26.08,26.08,0.00,In stock (1 available),0
Travel,228ba5e7577e1d49,26.08,26.08,0.00,In stock (1 available),0
Travel,228ba5e7577e1d49,26.08,26.08,0.00,In stock (1 available),0
Travel,228ba5e7577e1d49,26.08,26.08,0.00,In stock (1 available),0
Travel,228ba5e7577e1d49,26.08,26.08,0.00,In stock (1 available),0
Travel,228ba5e7577e1d49,26.08,26.08,0.00,In stock (1 available),0
Travel,228ba5e7577e1d49,26.08,26.08,0.00,In stock (1 available),0
Travel,228ba5e7577e1d49,26.08,26.08,0.00,In stock (1 available),0
Travel,228ba5e7577e1d49,26.08,26.08,0.00,In stock (1 available),0
Travel,228ba5e7577e1d49,26.08,26.08,0.00,In stock (1 available),0
Travel,228ba5e7577e1d49,26.08,26.08,0.00,In stock (1 available),0
Travel,228ba5e7577e1d49,26.08,26.08,0.00,In stock (1 available),0
Travel,228ba5e7577e1d49,26.08,26.08,0.00,In stock (1 available),0
Travel,228ba5e7577e1d49,26.08,26.08,0.00,In stock (1 available),0
Travel,228ba5e7577e1d49,26.08,26.08,0.00,In stock (1 available),0
Travel,228ba5e7577e1d49,26.08,26.08,0.00,In stock (1 available),0
Travel,228ba5e7577e1d49,26.08,26.08,0.00,In stock (1 available),0
Travel,228ba5e7577e1d49,26.08,26.08,0.00,In stock (1 available),0
Travel,228ba5e7577e1d49,26.08,26.08,0.00,In stock (1 available),0
Travel,228ba5e7577e1d49,26.08,26.08,0.00,In stock (1 available),0
Travel,228ba5e7577e1d49,26.08,26.08,0.00,In stock (1 available),0
Travel,228ba5e7577e1d49,26.08,26.08,0.00,In stock (1 available),0
Travel,228ba5e7577e1d49,26.08,26.08,0.00,In stock (1 available),0
Travel,228ba5e7577e1d49,26.08,26.08,0.00,In stock (1 available),0
Travel,228ba5e7577e1d49,26.08,26.08,0.00,In stock (1 available),0
Travel,228ba5e7577e1d49,26.08,26.08,0.00,In stock (1 available),0
Travel,228ba5e7577e1d49,26.08,26.08,0.00,In stock (1 available),0
Travel,228ba5e7577e1d49,26.08,26.08,0.00,In stock (1 available),0
Travel,228ba5e7577e1d49,26.08,26.08,0.00,In stock (1 available),0
Travel,228ba5e7577e1d49,26.08,26.08,0.00,In stock (1 available),0
Travel,228ba5e7577e1d49,26.08,26.08,0.00,In stock (1 available),0
Travel,228ba5e7577e1d49,26.08,26.08,0.00,In stock (1 available),0
Travel,228ba5e7577e1d49,26.08,26.08,0.00,In stock (1 available),0
Travel,228ba5e7577e1d49,26.08,26.08,0.00,In stock (1 available),0
Travel,228ba5e7577e1d49,26.08,26.08,0.00,In stock (1 available),0
Travel,228ba5e7577e1d49,26.08,26.08,0.00,In stock (1 available),0
Travel,228ba5e7577e1d49,26.08,26.08,0.00,In stock (1 available),0
Travel,228ba5e7577e1d49,26.08,26.08,0.00,In stock (1 available),0
Travel,228ba5e7577e1d49,26.08,26.08,0.00,In stock (1 available),0
Travel,228ba5e7577e1d49,26.08,26.08,0.00,In stock (1 available),0
Travel,228ba5e7577e1d49,26.08,26.08,0.00,In stock (1 available),0
Travel,228ba5e7577e1d49,26.08,26.08,0.00,In stock (1 available),0
Travel,228ba5e7577e1d49,26.08,26.08,0.00,In stock (1 available),0
Travel,228ba5e7577e1d49,26.08,26.08,0.00,In stock (1 available),0
Travel,228ba5e7577e1d49,26.08,26.08,0.00,In stock (1 available),0
Travel,228ba5e7577e1d49,26.08,26.08,0.00,In stock (1 available),0
Travel,228ba5e7577e1d49,26.08,26.08,0.00,In stock (1 available),0
Travel,228ba5e7577e1d49,26.08,26.08,0.00,In stock (1 available),0
Travel,228ba5e7577e1d49,26.08,26.08,0.00,In stock (1 available),0
Travel,228ba5e7577e1d49,26.08,26.08,0.00,In stock (1 available),0
Travel,228ba5e7577e1d49,26.08,26.08,0.00,In stock (1 available),0
Travel,228ba5e7577e1d49,26.08,26.08,0.00,In stock (1 available),0
Travel,228ba5e7577e1d49,26.08,26.08,0.00,In stock (1 available),0
Travel,228ba5e7577e1d49,26.08,26.08,0.00,In stock (1 available),0
Travel,228ba5e7577e1d49,26.08,26.08,0.00,In stock (1 available),0
Travel,228ba5e7577e1d49,26.08,26.08,0.00,In stock (1 available),0
Travel,228ba5e7577e1d49,26.08,26.08,0.00,In stock (1 available),0
Travel,228ba5e7577e1d49,26.08,26.08,0.00,In stock (1 available),0
Travel,228ba5e7577e1d49,26.08,26.08,0.00,In stock (1 available),0
Travel,228ba5e7577e1d49,26.08,26.08,0.00,In stock (1 available),0
Travel,228ba5e7577e1d49,26.08,26.08,0.00,In stock (1 available),0
Travel,228ba5e7577e1d49,26.08,26.08,0.00,In stock (1 available),0
Travel,228ba5e7577e1d49,26.08,26.08,0.00,In stock (1 available),0
Travel,228ba5e7577e1d49,26.08,26.08,0.00,In stock (1 available),0
Travel,228ba5e7577e1d49,26.08,26.08,0.00,In stock (1 available),0
Travel,228ba5e7577e1d49,26.08,26.08,0.00,In stock (1 available),0
Travel,228ba5e7577e1d49,26.08,26.08,0.00,In stock (1 available),0
Travel,228ba5e7577e1d49,26.08,26.08,0.00,In stock (1 available),0
Travel,228ba5e7577e1d49,26.08,26.08,0.00,In stock (1 available),0
Travel,228ba5e7577e1d49,26.08,26.08,0.00,In stock (1 available),0
Travel,228ba5e7577e1d49,26.08,26.08,0.00,In stock (1 available),0
Travel,228ba5e7577e1d49,26.08,26.08,0.00,In stock (1 available),0
Travel,228ba5e7577e1d49,26.08,26.08,0.00,In stock (1 available),0
Travel,228ba5e7577e1d49,26.08,26.08,0.00,In stock (1 available),0
Travel,228ba5e7577e1d49,26.08,26.08,0.00,In stock (1 available),0
Travel,228ba5e7577e1d49,26.08,26.08,0.00,In stock (1 available),0
Travel,228ba5e7577e1d49,26.08,26.08,0.00,In stock (1 available),0
Travel,228ba5e7577e1d49,26.08,26.08,0.00,In stock (1 available),0
Travel,228ba5e7577e1d49,26.08,26.08,0.00,In stock (1 available),0
Travel,228ba5e7577e1d49,26.08,26.08,0.00,In stock (1 available),0
Travel,228ba5e7577e1d49,26.08,26.08,0.00,In stock (1 available),0
Travel,228ba5e7577e1d49,26.08,26.08,0.00,In stock (1 available),0
Travel,228ba5e7577e1d49,26.08,26.08,0.00,In stock (1 available),0
Travel,228ba5e7577e1d49,26.08,26.08,0.00,In stock (1 available),0
Travel,228ba5e7577e1d49,26.08,26.08,0.00,In stock (1 available),0
Travel,228ba5e7577e1d49,26.08,26.08,0.00,In stock (1 available),0
Travel,228ba5e7577e1d49,26.08,26.08,0.00,In stock (1 available),0
Travel,228ba5e7577e1d49,26.08,26.08,0.00,In stock (1 available),0
Travel,228ba5e7577e1d49,26.08,26.08,0.00,In stock (1 available),0
Travel,228ba5e7577e1d49,26.08,26.08,0.00,In stock (1 available),0
Travel,228ba5e7577e1d49,26.08,26.08,0.00,In stock (1 available),0
Travel,228ba5e7577e1d49,26.08,26.08,0.00,In stock (1 available),0
Travel,228ba5e7577e1d49,26.08,26.08,0.00,In stock (1 available),0
Travel,228ba5e7577e1d49,26.08,26.08,0.00,In stock (1 available),0
Travel,228ba5e7577e1d49,26.08,26.08,0.00,In stock (1 available),0
Travel,228ba5e7577e1d49,26.08,26.08,0.00,In stock (1 available),0
Travel,228ba5e7577e1d49,26.08,26.08,0.00,In stock (1 available),0
Travel,228ba5e7577e1d49,26.08,26.08,0.00,In stock (1 available),0
Travel,228ba5e7577e1d49,26.08,26.08,0.00,In stock (1 available),0
Travel,228ba5e7577e1d49,26.08,26.08,0.00,In stock (1 available),0
Travel,228ba5e7577e1d49,26.08,26.08,0.00,In stock (1 available),0
Travel,228ba5e7577e1d49,26.08,26.08,0.00,In stock (1 available),0
Travel,228ba5e7577e1d49,26.08,26.08,0.00,In stock (1 available),0
Travel,228ba5e7577e1d49,26.08,26.08,0.00,In stock (1 available),0
Travel,228ba5e7577e1d49,26.08,26.08,0.00,In stock (1 available),0
Travel,228ba5e7577e1d49,26.08,26.08,0.00,In stock (1 available),0
Travel,228ba5e7577e1d49,26.08,26.08,0.00,In stock (1 available),0
Travel,228ba5e7577e1d49,26.08,26.08,0.00,In stock (1 available),0
Travel,228ba5e7577e1d49,26.08,26.08,0.00,In stock (1 available),0
Travel,228ba5e7577e1d49,26.08,26.08,0.00,In stock (1 available),0
Travel,228ba5e7577e1d49,26.08,26.08,0.00,In stock (1 available),0
Travel,228ba5e7577e1d49,26.08,26.08,0.00,In stock (1 available),0
Travel,228ba5e7577e1d49,26.08,26.08,0.00,In stock (1 available),0
Travel,228ba5e7577e1d49,26.08,26.08,0.00,In stock (1 available),0
Travel,228ba5e7577e1d49,26.08,26.08,0.00,In stock (1 available),0
Travel,228ba5e7577e1d49,26.08,26.08,0.00,In stock (1 available),0
Travel,228ba5e7577e1d49,26.08,26.08,0.00,In stock (1 available),0
Travel,228ba5e7577e1d49,26.08,26.08,0.00,In stock (1 available),0
Travel,228ba5e7577e1d49,26.08,26.08,0.00,In stock (1 available),0
Travel,228ba5e7577e1d49,26.08,26.08,0.00,In stock (1 available),0
Travel,228ba5e7577e1d49,26.08,26.08,0.00,In stock (1 available),0
Travel,228ba5e7577e1d49,26.08,26.08,0.00,In stock (1 available),0
Travel,228ba5e7577e1d49,26.08,26.08,0.00,In stock (1 available),0
Travel,228ba5e7577e1d49,26.08,26.08,0.00,In stock (1 available),0
Travel,228ba5e7577e1d49,26.08,26.08,0.00,In stock (1 available),0
Travel,228ba5e7577e1d49,26.08,26.08,0.00,In stock (1 available),0
Travel,228ba5e7577e1d49,26.08,26.08,0.00,In stock (1 available),0
Travel,228ba5e7577e1d49,26.08,26.08,0.00,In stock (1 available),0
Travel,228ba5e7577e1d49,26.08,26.08,0.00,In stock (1 available),0
Travel,228ba5e7577e1d49,26.08,26.08,0.00,In stock (1 available),0
Travel,228ba5e7577e1d49,26.08,26.08,0.00,In stock (1 available),0
Travel,228ba5e7577e1d49,26.08,26.08,0.00,In stock (1 available),0
Travel,228ba5e7577e1d49,26.08,26.08,0.00,In stock (1 available),0
Travel,228ba5e7577e1d49,26.08,26.08,0.00,In stock (1 available),0
Travel,228ba5e7577e1d49,26.08,26.08,0.00,In stock (1 available),0
Travel,228ba5e7577e1d49,26.08,26.08,0.00,In stock (1 available),0
Travel,228ba5e7577e1d49,26.08,26.08,0.00,In stock (1 available),0
Travel,228ba5e7577e1d49,26.08,26.08,0.00,In stock (1 available),0
Travel,228ba5e7577e1d49,26.08,26.08,0.00,In stock (1 available),0
Travel,228ba5e7577e1d49,26.08,26.08,0.00,In stock (1 available),0
Travel,228ba5e7577e1d49,26.08,26.08,0.00,In stock (1 available),0
Travel,228ba5e7577e1d49,26.08,26.08,0.00,In stock (1 available),0
Travel,228ba5e7577e1d49,26.08,26.08,0.00,In stock (1 available),0
Travel,228ba5e7577e1d49,26.08,26.08,0.00,In stock (1 available),0
Travel,228ba5e7577e1d49,26.08,26.08,0.00,In stock (1 available),0
Travel,228ba5e7577e1d49,26.08,26.08,0.00,In stock (1 available),0
Travel,228ba5e7577e1d49,26.08,26.08,0.00,In stock (1 available),0
Travel,228ba5e7577e1d49,26.08,26.08,0.00,In stock (1 available),0
Travel,228ba5e7577e1d49,26.08,26.08,0.00,In stock (1 available),0
Travel,228ba5e7577e1d49,26.08,26.08,0.00,In stock (1 available),0
Travel,228ba5e7577e1d49,26.08,26.08,0.00,In stock (1 available),0
Travel,228ba5e7577e1d49,26.08,26.08,0.00,In stock (1 available),0
Travel,228ba5e7577e1d49,26.08,26.08,0.00,In stock (1 available),0
Travel,228ba5e7577e1d49,26.08,26.08,0.00,In stock (1 available),0
Travel,228ba5e7577e1d49,26.08,26.08,0.00,In stock (1 available),0
Travel,228ba5e7577e1d49,26.08,26.08,0.00,In stock (1 available),0
Travel,228ba5e7577e1d49,26.08,26.08,0.00,In stock (1 available),0
Travel,228ba5e7577e1d49,26.08,26.08,0.00,In stock (1 available),0
Travel,228ba5e7577e1d49,26.08,26.08,0.00,In stock (1 available),0
Travel,228ba5e7577e1d49,26.08,26.08,0.00,In stock (1 available),0
Travel,228ba5e7577e1d49,26.08,26.08,0.00,In stock (1 available),0
Travel,228ba5e7577e1d49,26.08,26.08,0.00,In stock (1 available),0
Travel,228ba5e7577e1d49,26.08,26.08,0.00,In stock (1 available),0
Travel,228ba5e7577e1d49,26.08,26.08,0.00,In stock (1 available),0
Travel,228ba5e7577e1d49,26.08,26.08,0.00,In stock (1 available),0
Travel,228ba5e7577e1d49,26.08,26.08,0.00,In stock (1 available),0
Travel,228ba5e7577e1d49,26.08,26.08,0.00,In stock (1 available),0
Travel,228ba5e7577e1d49,26.08,26.08,0.00,In stock (1 available),0
Travel,228ba5e7577e1d49,26.08,26.08,0.00,In stock (1 available),0
Travel,228ba5e7577e1d49,26.08,26.08,0.00,In stock (1 available),0
Travel,228ba5e7577e1d49,26.08,26.08,0.00,In stock (1 available),0
Travel,228ba5e7577e1d49,26.08,26.08,0.00,In stock (1 available),0
Travel,228ba5e7577e1d49,26.08,26.08,0.00,In stock (1 available),0
Travel,228ba5e7577e1d49,26.08,26.08,0.00,In stock (1 available),0
Travel,228ba5e7577e1d49,26.08,26.08,0.00,In stock (1 available),0
Travel,228ba5e7577e1d49,26.08,26.08,0.00,In stock (1 available),0
Travel,228ba5e7577e1d49,26.08,26.08,0.00,In stock (1 available),0
Travel,228ba5e7577e1d49,26.08,26.08,0.00,In stock (1 available),0
Travel,228ba5e7577e1d49,26.08,26.08,0.00,In stock (1 available),0
Travel,228ba5e7577e1d49,26.08,26.08,0.00,In stock (1 available),0
Travel,228ba5e7577e1d49,26.08,26.08,0.00,In stock (1 available),0
Travel,228ba5e7577e1d49,26.08,26.08,0.00,In stock (1 available),0
Travel,228ba5e7577e1d49,26.08,26.08,0.00,In stock (1 available),0
Travel,228ba5e7577e1d49,26.08,26.08,0.00,In stock (1 available),0
Travel,228ba5e7577e1d49,26.08,26.08,0.00,In stock (1 available),0
Travel,228ba5e7577e1d49,26.08,26.08,0.00,In stock (1 available),0
Travel,228ba5e7577e1d49,26.08,26.08,0.00,In stock (1 available),0
Travel,228ba5e7577e1d49,26.08,26.08,0.00,In stock (1 available),0
Travel,228ba5e7577e1d49,26.08,26.08,0.00,In stock (1 available),0
Travel,228ba5e7577e1d49,26.08,26.08,0.00,In stock (1 available),0
Travel,228ba5e7577e1d49,26.08,26.08,0.00,In stock (1 available),0
Travel,228ba5e7577e1d49,26.08,26.08,0.00,In stock (1 available),0
Travel,228ba5e7577e1d49,26.08,26.08,0.00,In stock (1 available),0
Travel,228ba5e7577e1d49,26.08,26.08,0.00,In stock (1 available),0
Travel,228ba5e7577e1d49,26.08,26.08,0.00,In stock (1 available),0
Travel,228ba5e7577e1d49,26.08,26.08,0.00,In stock (1 available),0
Travel,228ba5e7577e1d49,26.08,26.08,0.00,In stock (1 available),0
Travel,228ba5e7577e1d49,26.08,26.08,0.00,In stock (1 available),0
Travel,228ba5e7577e1d49,26.08,26.08,0.00,In stock (1 available),0
Travel,228ba5e7577e1d49,26.08,26.08,0.00,In stock (1 available),0
Travel,228ba5e7577e1d49,26.08,26.08,0.00,In stock (1 available),0
Travel,228ba5e7577e1d49,26.08,26.08,0.00,In stock (1 available),0
Travel,228ba5e7577e1d49,26.08,26.08,0.00,In stock (1 available),0
Travel,228ba5e7577e1d49,26.08,26.08,0.00,In stock (1 available),0
Travel,228ba5e7577e1d49,26.08,26.08,0.00,In stock (1 available),0
Travel,228ba5e7577e1d49,26.08,26.08,0.00,In stock (1 available),0
Travel,228ba5e7577e1d49,26.08,26.08,0.00,In stock (1 available),0
Travel,228ba5e7577e1d49,26.08,26.08,0.00,In stock (1 available),0
Travel,228ba5e7577e1d49,26.08,26.08,0.00,In stock (1 available),0
Travel,228ba5e7577e1d49,26.08,26.08,0.00,In stock (1 available),0
Travel,228ba5e7577e1d49,26.08,26.08,0.00,In stock (1 available),0
Travel,228ba5e7577e1d49,26.08,26.08,0.00,In stock (1 available),0
Travel,228ba5e7577e1d49,26.08,26.08,0.00,In stock (1 available),0
Travel,228ba5e7577e1d49,26.08,26.08,0.00,In stock (1 available),0
Travel,228ba5e7577e1d49,26.08,26.08,0.00,In stock (1 available),0
Travel,228ba5e7577e1d49,26.08,26.08,0.00,In stock (1 available),0
Travel,228ba5e7577e1d49,26.08,26.08,0.00,In stock (1 available),0
Travel,228ba5e7577e1d49,26.08,26.08,0.00,In stock (1 available),0
Travel,228ba5e7577e1d49,26.08,26.08,0.00,In stock (1 available),0
Travel,228ba5e7577e1d49,26.08,26.08,0.00,In stock (1 available),0
Travel,228ba5e7577e1d49,26.08,26.08,0.00,In stock (1 available),0
Travel,228ba5e7577e1d49,26.08,26.08,0.00,In stock (1 available),0
Travel,228ba5e7577e1d49,26.08,26.08,0.00,In stock (1 available),0
Travel,228ba5e7577e1d49,26.08,26.08,0.00,In stock (1 available),0
Travel,228ba5e7577e1d49,26.08,26.08,0.00,In stock (1 available),0
Travel,228ba5e7577e1d49,26.08,26.08,0.00,In stock (1 available),0
Travel,228ba5e7577e1d49,26.08,26.08,0.00,In stock (1 available),0
Travel,228ba5e7577e1d49,26.08,26.08,0.00,In stock (1 available),0
Travel,228ba5e7577e1d49,26.08,26.08,0.00,In stock (1 available),0
Travel,228ba5e7577e1d49,26.08,26.08,0.00,In stock (1 available),0
Travel,228ba5e7577e1d49,26.08,26.08,0.00,In stock (1 available),0
Travel,228ba5e7577e1d49,26.08,26.08,0.00,In stock (1 available),0
Travel,228ba5e7577e1d49,26.08,26.08,0.00,In stock (1 available),0
Travel,228ba5e7577e1d49,26.08,26.08,0.00,In stock (1 available),0
Travel,228ba5e7577e1d49,26.08,26.08,0.00,In stock (1 available),0
Travel,228ba5e7577e1d49,26.08,26.08,0.00,In stock (1 available),0
Travel,228ba5e7577e1d49,26.08,26.08,0.00,In stock (1 available),0
Travel,228ba5e7577e1d49,26.08,26.08,0.00,In stock (1 available),0
Travel,228ba5e7577e1d49,26.08,26.08,0.00,In stock (1 available),0
Travel,228ba5e7577e1d49,26.08,26.08,0.00,In stock (1 available),0
Travel,228ba5e7577e1d49,26.08,26.08,0.00,In stock (1 available),0
Travel,228ba5e7577e1d49,26.08,26.08,0.00,In stock (1 available),0
Travel,228ba5e7577e1d49,26.08,26.08,0.00,In stock (1 available),0
Travel,228ba5e7577e1d49,26.08,26.08,0.00,In stock (1 available),0
Travel,228ba5e7577e1d49,26.08,26.08,0.00,In stock (1 available),0
Travel,228ba5e7577e1d49,26.08,26.08,0.00,In stock (1 available),0
Travel,228ba5e7577e1d49,26.08,26.08,0.00,In stock (1 available),0
Travel,228ba5e7577e1d49,26.08,26.08,0.00,In stock (1 available),0
Travel,228ba5e7577e1d49,26.08,26.08,0.00,In stock (1 available),0
Travel,228ba5e7577e1d49,26.08,26.08,0.00,In stock (1 available),0
Travel,228ba5e7577e1d49,26.08,26.08,0.00,In stock (1 available),0
Travel,228ba5e7577e1d49,26.08,26.08,0.00,In stock (1 available),0
Travel,228ba5e7577e1d49,26.08,26.08,0.00,In stock (1 available),0
Travel,228ba5e7577e1d49,26.08,26.08,0.00,In stock (1 available),0
Travel,228ba5e7577e1d49,26.08,26.08,0.00,In stock (1 available),0
Travel,228ba5e7577e1d49,26.08,26.08,0.00,In stock (1 available),0
Travel,228ba5e7577e1d49,26.08,26.08,0.00,In stock (1 available),0
Travel,228ba5e7577e1d49,26.08,26.08,0.00,In stock (1 available),0
Travel,228ba5e7577e1d49,26.08,26.08,0.00,In stock (1 available),0
Travel,228ba5e7577e1d49,26.08,26.08,0.00,In stock (1 available),0
Travel,228ba5e7577e1d49,26.08,26.08,0.00,In stock (1 available),0
Travel,228ba5e7577e1d49,26.08,26.08,0.00,In stock (1 available),0
Travel,228ba5e7577e1d49,26.08,26.08,0.00,In stock (1 available),0
Travel,228ba5e7577e1d49,26.08,26.08,0.00,In stock (1 available),0
Travel,228ba5e7577e1d49,26.08,26.08,0.00,In stock (1 available),0
Travel,228ba5e7577e1d49,26.08,26.08,0.00,In stock (1 available),0
Travel,228ba5e7577e1d49,26.08,26.08,0.00,In stock (1 available),0
Travel,228ba5e7577e1d49,26.08,26.08,0.00,In stock (1 available),0
Travel,228ba5e7577e1d49,26.08,26.08,0.00,In stock (1 available),0
Travel,228ba5e7577e1d49,26.08,26.08,0.00,In stock (1 available),0
Travel,228ba5e7577e1d49,26.08,26.08,0.00,In stock (1 available),0
Travel,228ba5e7577e1d49,26.08,26.08,0.00,In stock (1 available),0
Travel,228ba5e7577e1d49,26.08,26.08,0.00,In stock (1 available),0
Travel,228ba5e7577e1d49,26.08,26.08,0.00,In stock (1 available),0
Travel,228ba5e7577e1d49,26.08,26.08,0.00,In stock (1 available),0
Travel,228ba5e7577e1d49,26.08,26.08,0.00,In stock (1 available),0
Travel,228ba5e7577e1d49,26.08,26.08,0.00,In stock (1 available),0
Travel,228ba5e7577e1d49,26.08,26.08,0.00,In stock (1 available),0
Travel,228ba5e7577e1d49,26.08,26.08,0.00,In stock (1 available),0
Travel,228ba5e7577e1d49,26.08,26.08,0.00,In stock (1 available),0
Travel,228ba5e7577e1d49,26.08,26.08,0.00,In stock (1 available),0
Travel,228ba5e7577e1d49,26.08,26.08,0.00,In stock (1 available),0
Travel,228ba5e7577e1d49,26.08,26.08,0.00,In stock (1 available),0
Travel,228ba5e7577e1d49,26.08,26.08,0.00,In stock (1 available),0
Travel,228ba5e7577e1d49,26.08,26.08,0.00,In stock (1 available),0
Travel,228ba5e7577e1d49,26.08,26.08,0.00,In stock (1 available),0
Travel,228ba5e7577e1d49,26.08,26.08,0.00,In stock (1 available),0
Travel,228ba5e7577e1d49,26.08,26.08,0.00,In stock (1 available),0
Travel,228ba5e7577e1d49,26.08,26.08,0.00,In stock (1 available),0
Travel,228ba5e7577e1d49,26.08,26.08,0.00,In stock (1 available),0
Travel,228ba5e7577e1d49,26.08,26.08,0.00,In stock (1 available),0
Travel,228ba5e7577e1d49,26.08,26.08,0.00,In stock (1 available),0
Travel,228ba5e7577e1d49,26.08,26.08,0.00,In stock (1 available),0
Travel,228ba5e7577e1d49,26.08,26.08,0.00,In stock (1 available),0
Travel,228ba5e7577e1d49,26.08,26.08,0.00,In stock (1 available),0
Travel,228ba5e7577e1d49,26.08,26.08,0.00,In stock (1 available),0
Travel,228ba5e7577e1d49,26.08,26.08,0.00,In stock (1 available),0
Travel,228ba5e7577e1d49,26.08,26.08,0.00,In stock (1 available),0
Travel,228ba5e7577e1d49,26.08,26.08,0.00,In stock (1 available),0
Travel,228ba5e7577e1d49,26.08,26.08,0.00,In stock (1 available),0
Travel,228ba5e7577e1d49,26.08,26.08,0.00,In stock (1 available),0
Travel,228ba5e7577e1d49,26.08,26.08,0.00,In stock (1 available),0
Travel,228ba5e7577e1d49,26.08,26.08,0.00,In stock (1 available),0
Travel,228ba5e7577e1d49,26.08,26.08,0.00,In stock (1 available),0
Travel,228ba5e7577e1d49,26.08,26.08,0.00,In stock (1 available),0
Travel,228ba5e7577e1d49,26.08,26.08,0.00,In stock (1 available),0
Travel,228ba5e7577e1d49,26.08,26.08,0.00,In stock (1 available),0
Travel,228ba5e7577e1d49,26.08,26.08,0.00,In stock (1 available),0
Travel,228ba5e7577e1d49,26.08,26.08,0.00,In stock (1 available),0
Travel,228ba5e7577e1d49,26.08,26.08,0.00,In stock (1 available),0
Travel,228ba5e7577e1d49,26.08,26.08,0.00,In stock (1 available),0
Travel,228ba5e7577e1d49,26.08,26.08,0.00,In stock (1 available),0
Travel,228ba5e7577e1d49,26.08,26.08,0.00,In stock (1 available),0
Travel,228ba5e7577e1d49,26.08,26.08,0.00,In stock (1 available),0
Travel,228ba5e7577e1d49,26.08,26.08,0.00,In stock (1 available),0
Travel,228ba5e7577e1d49,26.08,26.08,0.00,In stock (1 available),0
Travel,228ba5e7577e1d49,26.08,26.08,0.00,In stock (1 available),0
Travel,228ba5e7577e1d49,26.08,26.08,0.00,In stock (1 available),0
Travel,228ba5e7577e1d49,26.08,26.08,0.00,In stock (1 available),0
Travel,228ba5e7577e1d49,26.08,26.08,0.00,In stock (1 available),0
Travel,228ba5e7577e1d49,26.08,26.08,0.00,In stock (1 available),0
Travel,228ba5e7577e1d49,26.08,26.08,0.00,In stock (1 available),0
Travel,228ba5e7577e1d49,26.08,26.08,0.00,In stock (1 available),0
Travel,228ba5e7577e1d49,26.08,26.08,0.00,In stock (1 available),0
Travel,228ba5e7577e1d49,26.08,26.08,0.00,In stock (1 available),0
Travel,228ba5e7577e1d49,26.08,26.08,0.00,In stock (1 available),0
Travel,228ba5e7577e1d49,26.08,26.08,0.00,In stock (1 available),0
Travel,228ba5e7577e1d49,26.08,26.08,0.00,In stock (1 available),0
Travel,228ba5e7577e1d49,26.08,26.08,0.00,In stock (1 available),0
Travel,228ba5e7577e1d49,26.08,26.08,0.00,In stock (1 available),0
Travel,228ba5e7577e1d49,26.08,26.08,0.00,In stock (1 available),0
Travel,228ba5e7577e1d49,26.08,26.08,0.00,In stock (1 available),0
Travel,228ba5e7577e1d49,26.08,26.08,0.00,In stock (1 available),0
Travel,228ba5e7577e1d49,26.08,26.08,0.00,In stock (1 available),0
Travel,228ba5e7577e1d49,26.08,26.08,0.00,In stock (1 available),0
Travel,228ba5e7577e1d49,26.08,26.08,0.00,In stock (1 available),0
Travel,228ba5e7577e1d49,26.08,26.08,0.00,In stock (1 available),0
Travel,228ba5e7577e1d49,26.08,26.08,0.00,In stock (1 available),0
Travel,228ba5e7577e1d49,26.08,26.08,0.00,In stock (1 available),0
Travel,228ba5e7577e1d49,26.08,26.08,0.00,In stock (1 available),0
Travel,228ba5e7577e1d49,26.08,26.08,0.00,In stock (1 available),0
Travel,228ba5e7577e1d49,26.08,26.08,0.00,In stock (1 available),0
Travel,228ba5e7577e1d49,26.08,26.08,0.00,In stock (1 available),0
Travel,228ba5e7577e1d49,26.08,26.08,0.00,In stock (1 available),0
Travel,228ba5e7577e1d49,26.08,26.08,0.00,In stock (1 available),0
Travel,228ba5e7577e1d49,26.08,26.08,0.00,In stock (1 available),0
Travel,228ba5e7577e1d49,26.08,26.08,0.00,In stock (1 available),0
Travel,228ba5e7577e1d49,26.08,26.08,0.00,In stock (1 available),0
Travel,228ba5e7577e1d49,26.08,26.08,0.00,In stock (1 available),0
Travel,228ba5e7577e1d49,26.08,26.08,0.00,In stock (1 available),0
Travel,228ba5e7577e1d49,26.08,26.08,0.00,In stock (1 available),0
Travel,228ba5e7577e1d49,26.08,26.08,0.00,In stock (1 available),0
Travel,228ba5e7577e1d49,26.08,26.08,0.00,In stock (1 available),0
Travel,228ba5e7577e1d49,26.08,26.08,0.00,In stock (1 available),0
Travel,228ba5e7577e1d49,26.08,26.08,0.00,In stock (1 available),0
Travel,228ba5e7577e1d49,26.08,26.08,0.00,In stock (1 available),0
Travel,228ba5e7577e1d49,26.08,26.08,0.00,In stock (1 available),0
Travel,228ba5e7577e1d49,26.08,26.08,0.00,In stock (1 available),0
Travel,228ba5e7577e1d49,26.08,26.08,0.00,In stock (1 available),0
Travel,228ba5e7577e1d49,26.08,26.08,0.00,In stock (1 available),0
Travel,228ba5e7577e1d49,26.08,26.08,0.00,In stock (1 available),0
Travel,228ba5e7577e1d49,26.08,26.08,0.00,In stock (1 available),0
Travel,228ba5e7577e1d49,26.08,26.08,0.00,In stock (1 available),0
Travel,228ba5e7577e1d49,26.08,26.08,0.00,In stock (1 available),0
Travel,228ba5e7577e1d49,26.08,26.08,0.00,In stock (1 available),0
Travel,228ba5e7577e1d49,26.08,26.08,0.00,In stock (1 available),0
Travel,228ba5e7577e1d49,26.08,26.08,0.00,In stock (1 available),0
Travel,228ba5e7577e1d49,26.08,26.08,0.00,In stock (1 available),0
Travel,228ba5e7577e1d49,26.08,26.08,0.00,In stock (1 available),0
Travel,228ba5e7577e1d49,26.08,26.08,0.00,In stock (1 available),0
Travel,228ba5e7577e1d49,26.08,26.08,0.00,In stock (1 available),0
Travel,228ba5e7577e1d49,26.08,26.08,0.00,In stock (1 available),0
Travel,228ba5e7577e1d49,26.08,26.08,0.00,In stock (1 available),0
Travel,228ba5e7577e1d49,26.08,26.08,0.00,In stock (1 available),0
Travel,228ba5e7577e1d49,26.08,26.08,0.00,In stock (1 available),0
Travel,228ba5e7577e1d49,26.08,26.08,0.00,In stock (1 available),0
Travel,228ba5e7577e1d49,26.08,26.08,0.00,In stock (1 available),0
Travel,228ba5e7577e1d49,26.08,26.08,0.00,In stock (1 available),0
Travel,228ba5e7577e1d49,26.08,26.08,0.00,In stock (1 available),0
Travel,228ba5e7577e1d49,26.08,26.08,0.00,In stock (1 available),0
Travel,228ba5e7577e1d49,26.08,26.08,0.00,In stock (1 available),0
Travel,228ba5e7577e1d49,26.08,26.08,0.00,In stock (1 available),0
Travel,228ba5e7577e1d49,26.08,26.08,0.00,In stock (1 available),0
Travel,228ba5e7577e1d49,26.08,26.08,0.00,In stock (1 available),0
Travel,228ba5e7577e1d49,26.08,26.08,0.00,In stock (1 available),0
Travel,228ba5e7577e1d49,26.08,26.08,0.00,In stock (1 available),0
Travel,228ba5e7577e1d49,26.08,26.08,0.00,In stock (1 available),0
Travel,228ba5e7577e1d49,26.08,26.08,0.00,In stock (1 available),0
Travel,228ba5e7577e1d49,26.08,26.08,0.00,In stock (1 available),0
Travel,228ba5e7577e1d49,26.08,26.08,0.00,In stock (1 available),0
Travel,228ba5e7577e1d49,26.08,26.08,0.00,In stock (1 available),0
Travel,228ba5e7577e1d49,26.08,26.08,0.00,In stock (1 available),0
Travel,228ba5e7577e1d49,26.08,26.08,0.00,In stock (1 available),0
Travel,228ba5e7577e1d49,26.08,26.08,0.00,In stock (1 available),0
Travel,228ba5e7577e1d49,26.08,26.08,0.00,In stock (1 available),0
Travel,228ba5e7577e1d49,26.08,26.08,0.00,In stock (1 available),0
Travel,228ba5e7577e1d49,26.08,26.08,0.00,In stock (1 available),0
Travel,228ba5e7577e1d49,26.08,26.08,0.00,In stock (1 available),0
Travel,228ba5e7577e1d49,26.08,26.08,0.00,In stock (1 available),0
Travel,228ba5e7577e1d49,26.08,26.08,0.00,In stock (1 available),0
Travel,228ba5e7577e1d49,26.08,26.08,0.00,In stock (1 available),0
Travel,228ba5e7577e1d49,26.08,26.08,0.00,In stock (1 available),0
Travel,228ba5e7577e1d49,26.08,26.08,0.00,In stock (1 available),0
Travel,228ba5e7577e1d49,26.08,26.08,0.00,In stock (1 available),0
Travel,228ba5e7577e1d49,26.08,26.08,0.00,In stock (1 available),0
Travel,228ba5e7577e1d49,26.08,26.08,0.00,In stock (1 available),0
Travel,228ba5e7577e1d49,26.08,26.08,0.00,In stock (1 available),0
Travel,228ba5e7577e1d49,26.08,26.08,0.00,In stock (1 available),0
Travel,228ba5e7577e1d49,26.08,26.08,0.00,In stock (1 available),0
Travel,228ba5e7577e1d49,26.08,26.08,0.00,In stock (1 available),0
Travel,228ba5e7577e1d49,26.08,26.08,0.00,In stock (1 available),0
Travel,228ba5e7577e1d49,26.08,26.08,0.00,In stock (1 available),0
Travel,228ba5e7577e1d49,26.08,26.08,0.00,In stock (1 available),0
Travel,228ba5e7577e1d49,26.08,26.08,0.00,In stock (1 available),0
Travel,228ba5e7577e1d49,26.08,26.08,0.00,In stock (1 available),0
Travel,228ba5e7577e1d49,26.08,26.08,0.00,In stock (1 available),0
Travel,228ba5e7577e1d49,26.08,26.08,0.00,In stock (1 available),0
Travel,228ba5e7577e1d49,26.08,26.08,0.00,In stock (1 available),0
Travel,228ba5e7577e1d49,26.08,26.08,0.00,In stock (1 available),0
Travel,228ba5e7577e1d49,26.08,26.08,0.00,In stock (1 available),0
Travel,228ba5e7577e1d49,26.08,26.08,0.00,In stock (1 available),0
Travel,228ba5e7577e1d49,26.08,26.08,0.00,In stock (1 available),0
Travel,228ba5e7577e1d49,26.08,26.08,0.00,In stock (1 available),0
Travel,228ba5e7577e1d49,26.08,26.08,0.00,In stock (1 available),0
Travel,228ba5e7577e1d49,26.08,26.08,0.00,In stock (1 available),0
Travel,228ba5e7577e1d49,26.08,26.08,0.00,In stock (1 available),0
Travel,228ba5e7577e1d49,26.08,26.08,0.00,In stock (1 available),0
Travel,228ba5e7577e1d49,26.08,26.08,0.00,In stock (1 available),0
Travel,228ba5e7577e1d49,26.08,26.08,0.00,In stock (1 available),0
Travel,228ba5e7577e1d49,26.08,26.08,0.00,In stock (1 available),0
Travel,228ba5e7577e1d49,26.08,26.08,0.00,In stock (1 available),0
Travel,228ba5e7577e1d49,26.08,26.08,0.00,In stock (1 available),0
Travel,228ba5e7577e1d49,26.08,26.08,0.00,In stock (1 available),0
Travel,228ba5e7577e1d49,26.08,26.08,0.00,In stock (1 available),0
Travel,228ba5e7577e1d49,26.08,26.08,0.00,In stock (1 available),0
Travel,228ba5e7577e1d49,26.08,26.08,0.00,In stock (1 available),0
Travel,228ba5e7577e1d49,26.08,26.08,0.00,In stock (1 available),0
Travel,228ba5e7577e1d49,26.08,26.08,0.00,In stock (1 available),0
Travel,228ba5e7577e1d49,26.08,26.08,0.00,In stock (1 available),0
Travel,228ba5e7577e1d49,26.08,26.08,0.00,In stock (1 available),0
Travel,228ba5e7577e1d49,26.08,26.08,0.00,In stock (1 available),0
Travel,228ba5e7577e1d49,26.08,26.08,0.00,In stock (1 available),0
Travel,228ba5e7577e1d49,26.08,26.08,0.00,In stock (1 available),0
Travel,228ba5e7577e1d49,26.08,26.08,0.00,In stock (1 available),0
Travel,228ba5e7577e1d49,26.08,26.08,0.00,In stock (1 available),0
Travel,228ba5e7577e1d49,26.08,26.08,0.00,In stock (1 available),0
Travel,228ba5e7577e1d49,26.08,26.08,0.00,In stock (1 available),0
Travel,228ba5e7577e1d49,26.08,26.08,0.00,In stock (1 available),0
Travel,228ba5e7577e1d49,26.08,26.08,0.00,In stock (1 available),0
Travel,228ba5e7577e1d49,26.08,26.08,0.00,In stock (1 available),0
Travel,228ba5e7577e1d49,26.08,26.08,0.00,In stock (1 available),0
Travel,228ba5e7577e1d49,26.08,26.08,0.00,In stock (1 available),0
Travel,228ba5e7577e1d49,26.08,26.08,0.00,In stock (1 available),0
Travel,228ba5e7577e1d49,26.08,26.08,0.00,In stock (1 available),0
Travel,228ba5e7577e1d49,26.08,26.08,0.00,In stock (1 available),0
Travel,228ba5e7577e1d49,26.08,26.08,0.00,In stock (1 available),0
Travel,228ba5e7577e1d49,26.08,26.08,0.00,In stock (1 available),0
Travel,228ba5e7577e1d49,26.08,26.08,0.00,In stock (1 available),0
Travel,228ba5e7577e1d49,26.08,26.08,0.00,In stock (1 available),0
Travel,228ba5e7577e1d49,26.08,26.08,0.00,In stock (1 available),0
Travel,228ba5e7577e1d49,26.08,26.08,0.00,In stock (1 available),0
Travel,228ba5e7577e1d49,26.08,26.08,0.00,In stock (1 available),0
Travel,228ba5e7577e1d49,26.08,26.08,0.00,In stock (1 available),0
Travel,228ba5e7577e1d49,26.08,26.08,0.00,In stock (1 available),0
Travel,228ba5e7577e1d49,26.08,26.08,0.00,In stock (1 available),0
Travel,228ba5e7577e1d49,26.08,26.08,0.00,In stock (1 available),0
Travel,228ba5e7577e1d49,26.08,26.08,0.00,In stock (1 available),0
Travel,228ba5e7577e1d49,26.08,26.08,0.00,In stock (1 available),0
Travel,228ba5e7577e1d49,26.08,26.08,0.00,In stock (1 available),0
Travel,228ba5e7577e1d49,26.08,26.08,0.00,In stock (1 available),0
Travel,228ba5e7577e1d49,26.08,26.08,0.00,In stock (1 available),0
Travel,228ba5e7577e1d49,26.08,26.08,0.00,In stock (1 available),0
Travel,228ba5e7577e1d49,26.08,26.08,0.00,In stock (1 available),0
Travel,228ba5e7577e1d49,26.08,26.08,0.00,In stock (1 available),0
Travel,228ba5e7577e1d49,26.08,26.08,0.00,In stock (1 available),0
Travel,228ba5e7577e1d49,26.08,26.08,0.00,In stock (1 available),0
Travel,228ba5e7577e1d49,26.08,26.08,0.00,In stock (1 available),0
Travel,228ba5e7577e1d49,26.08,26.08,0.00,In stock (1 available),0
Travel,228ba5e7577e1d49,26.08,26.08,0.00,In stock (1 available),0
Travel,228ba5e7577e1d49,26.08,26.08,0.00,In stock (1 available),0
Travel,228ba5e7577e1d49,26.08,26.08,0.00,In stock (1 available),0
Travel,228ba5e7577e1d49,26.08,26.08,0.00,In stock (1 available),0
Travel,228ba5e7577e1d49,26.08,26.08,0.00,In stock (1 available),0
Travel,228ba5e7577e1d49,26.08,26.08,0.00,In stock (1 available),0
Travel,228ba5e7577e1d49,26.08,26.08,0.00,In stock (1 available),0
Travel,228ba5e7577e1d49,26.08,26.08,0.00,In stock (1 available),0
Travel,228ba5e7577e1d49,26.08,26.08,0.00,In stock (1 available),0
Travel,228ba5e7577e1d49,26.08,26.08,0.00,In stock (1 available),0
Travel,228ba5e7577e1d49,26.08,26.08,0.00,In stock (1 available),0
Travel,228ba5e7577e1d49,26.08,26.08,0.00,In stock (1 available),0
Travel,228ba5e7577e1d49,26.08,26.08,0.00,In stock (1 available),0
Travel,228ba5e7577e1d49,26.08,26.08,0.00,In stock (1 available),0
Travel,228ba5e7577e1d49,26.08,26.08,0.00,In stock (1 available),0
Travel,228ba5e7577e1d49,26.08,26.08,0.00,In stock (1 available),0
Travel,228ba5e7577e1d49,26.08,26.08,0.00,In stock (1 available),0
Travel,228ba5e7577e1d49,26.08,26.08,0.00,In stock (1 available),0
Travel,228ba5e7577e1d49,26.08,26.08,0.00,In stock (1 available),0
Travel,228ba5e7577e1d49,26.08,26.08,0.00,In stock (1 available),0
Travel,228ba5e7577e1d49,26.08,26.08,0.00,In stock (1 available),0
Travel,228ba5e7577e1d49,26.08,26.08,0.00,In stock (1 available),0
Travel,228ba5e7577e1d49,26.08,26.08,0.00,In stock (1 available),0
Travel,228ba5e7577e1d49,26.08,26.08,0.00,In stock (1 available),0
Travel,228ba5e7577e1d49,26.08,26.08,0.00,In stock (1 available),0
Travel,228ba5e7577e1d49,26.08,26.08,0.00,In stock (1 available),0
Travel,228ba5e7577e1d49,26.08,26.08,0.00,In stock (1 available),0
Travel,228ba5e7577e1d49,26.08,26.08,0.00,In stock (1 available),0
Travel,228ba5e7577e1d49,26.08,26.08,0.00,In stock (1 available),0
Travel,228ba5e7577e1d49,26.08,26.08,0.00,In stock (1 available),0
Travel,228ba5e7577e1d49,26.08,26.08,0.00,In stock (1 available),0
Travel,228ba5e7577e1d49,26.08,26.08,0.00,In stock (1 available),0
Travel,228ba5e7577e1d49,26.08,26.08,0.00,In stock (1 available),0
Travel,228ba5e7577e1d49,26.08,26.08,0.00,In stock (1 available),0
Travel,228ba5e7577e1d49,26.08,26.08,0.00,In stock (1 available),0
Travel,228ba5e7577e1d49,26.08,26.08,0.00,In stock (1 available),0
Travel,228ba5e7577e1d49,26.08,26.08,0.00,In stock (1 available),0
Travel,228ba5e7577e1d49,26.08,26.08,0.00,In stock (1 available),0
Travel,228ba5e7577e1d49,26.08,26.08,0.00,In stock (1 available),0
Travel,228ba5e7577e1d49,26.08,26.08,0.00,In stock (1 available),0
Travel,228ba5e7577e1d49,26.08,26.08,0.00,In stock (1 available),0
Travel,228ba5e7577e1d49,26.08,26.08,0.00,In stock (1 available),0
Travel,228ba5e7577e1d49,26.08,26.08,0.00,In stock (1 available),0
Travel,228ba5e7577e1d49,26.08,26.08,0.00,In stock (1 available),0
Travel,228ba5e7577e1d49,26.08,26.08,0.00,In stock (1 available),0
Travel,228ba5e7577e1d49,26.08,26.08,0.00,In stock (1 available),0
Travel,228ba5e7577e1d49,26.08,26.08,0.00,In stock (1 available),0
Travel,228ba5e7577e1d49,26.08,26.08,0.00,In stock (1 available),0
Travel,228ba5e7577e1d49,26.08,26.08,0.00,In stock (1 available),0
Travel,228ba5e7577e1d49,26.08,26.08,0.00,In stock (1 available),0
Travel,228ba5e7577e1d49,26.08,26.08,0.00,In stock (1 available),0
Travel,228ba5e7577e1d49,26.08,26.08,0.00,In stock (1 available),0
Travel,228ba5e7577e1d49,26.08,26.08,0.00,In stock (1 available),0
Travel,228ba5e7577e1d49,26.08,26.08,0.00,In stock (1 available),0
Travel,228ba5e7577e1d49,26.08,26.08,0.00,In stock (1 available),0
Travel,228ba5e7577e1d49,26.08,26.08,0.00,In stock (1 available),0
Travel,228ba5e7577e1d49,26.08,26.08,0.00,In stock (1 available),0
Travel,228ba5e7577e1d49,26.08,26.08,0.00,In stock (1 available),0
Travel,228ba5e7577e1d49,26.08,26.08,0.00,In stock (1 available),0
Travel,228ba5e7577e1d49,26.08,26.08,0.00,In stock (1 available),0
Travel,228ba5e7577e1d49,26.08,26.08,0.00,In stock (1 available),0
Travel,228ba5e7577e1d49,26.08,26.08,0.00,In stock (1 available),0
Travel,228ba5e7577e1d49,26.08,26.08,0.00,In stock (1 available),0
Travel,228ba5e7577e1d49,26.08,26.08,0.00,In stock (1 available),0
Travel,228ba5e7577e1d49,26.08,26.08,0.00,In stock (1 available),0
Travel,228ba5e7577e1d49,26.08,26.08,0.00,In stock (1 available),0
Travel,228ba5e7577e1d49,26.08,26.08,0.00,In stock (1 available),0
Travel,228ba5e7577e1d49,26.08,26.08,0.00,In stock (1 available),0
Travel,228ba5e7577e1d49,26.08,26.08,0.00,In stock (1 available),0
Travel,228ba5e7577e1d49,26.08,26.08,0.00,In stock (1 available),0
Travel,228ba5e7577e1d49,26.08,26.08,0.00,In stock (1 available),0
Travel,228ba5e7577e1d49,26.08,26.08,0.00,In stock (1 available),0
Travel,228ba5e7577e1d49,26.08,26.08,0.00,In stock (1 available),0
Travel,228ba5e7577e1d49,26.08,26.08,0.00,In stock (1 available),0
Travel,228ba5e7577e1d49,26.08,26.08,0.00,In stock (1 available),0
Travel,228ba5e7577e1d49,26.08,26.08,0.00,In stock (1 available),0
Travel,228ba5e7577e1d49,26.08,26.08,0.00,In stock (1 available),0
Travel,228ba5e7577e1d49,26.08,26.08,0.00,In stock (1 available),0
Travel,228ba5e7577e1d49,26.08,26.08,0.00,In stock (1 available),0
Travel,228ba5e7577e1d49,26.08,26.08,0.00,In stock (1 available),0
Travel,228ba5e7577e1d49,26.08,26.08,0.00,In stock (1 available),0
Travel,228ba5e7577e1d49,26.08,26.08,0.00,In stock (1 available),0
Travel,228ba5e7577e1d49,26.08,26.08,0.00,In stock (1 available),0
Travel,228ba5e7577e1d49,26.08,26.08,0.00,In stock (1 available),0
Travel,228ba5e7577e1d49,26.08,26.08,0.00,In stock (1 available),0
Travel,228ba5e7577e1d49,26.08,26.08,0.00,In stock (1 available),0
Travel,228ba5e7577e1d49,26.08,26.08,0.00,In stock (1 available),0
Travel,228ba5e7577e1d49,26.08,26.08,0.00,In stock (1 available),0
Travel,228ba5e7577e1d49,26.08,26.08,0.00,In stock (1 available),0
Travel,228ba5e7577e1d49,26.08,26.08,0.00,In stock (1 available),0
Travel,228ba5e7577e1d49,26.08,26.08,0.00,In stock (1 available),0
Travel,228ba5e7577e1d49,26.08,26.08,0.00,In stock (1 available),0
Travel,228ba5e7577e1d49,26.08,26.08,0.00,In stock (1 available),0
Travel,228ba5e7577e1d49,26.08,26.08,0.00,In stock (1 available),0
Travel,228ba5e7577e1d49,26.08,26.08,0.00,In stock (1 available),0
Travel,228ba5e7577e1d49,26.08,26.08,0.00,In stock (1 available),0
Travel,228ba5e7577e1d49,26.08,26.08,0.00,In stock (1 available),0
Travel,228ba5e7577e1d49,26.08,26.08,0.00,In stock (1 available),0
Travel,228ba5e7577e1d49,26.08,26.08,0.00,In stock (1 available),0
Travel,228ba5e7577e1d49,26.08,26.08,0.00,In stock (1 available),0
Travel,228ba5e7577e1d49,26.08,26.08,0.00,In stock (1 available),0
Travel,228ba5e7577e1d49,26.08,26.08,0.00,In stock (1 available),0
Travel,228ba5e7577e1d49,26.08,26.08,0.00,In stock (1 available),0
Travel,228ba5e7577e1d49,26.08,26.08,0.00,In stock (1 available),0
Travel,228ba5e7577e1d49,26.08,26.08,0.00,In stock (1 available),0
Travel,228ba5e7577e1d49,26.08,26.08,0.00,In stock (1 available),0
Travel,228ba5e7577e1d49,26.08,26.08,0.00,In stock (1 available),0
Travel,228ba5e7577e1d49,26.08,26.08,0.00,In stock (1 available),0
Travel,228ba5e7577e1d49,26.08,26.08,0.00,In stock (1 available),0
Travel,228ba5e7577e1d49,26.08,26.08,0.00,In stock (1 available),0
Travel,228ba5e7577e1d49,26.08,26.08,0.00,In stock (1 available),0
Travel,228ba5e7577e1d49,26.08,26.08,0.00,In stock (1 available),0
Travel,228ba5e7577e1d49,26.08,26.08,0.00,In stock (1 available),0
Travel,228ba5e7577e1d49,26.08,26.08,0.00,In stock (1 available),0
Travel,228ba5e7577e1d49,26.08,26.08,0.00,In stock (1 available),0
Travel,228ba5e7577e1d49,26.08,26.08,0.00,In stock (1 available),0
Travel,228ba5e7577e1d49,26.08,26.08,0.00,In stock (1 available),0
Travel,228ba5e7577e1d49,26.08,26.08,0.00,In stock (1 available),0
Travel,228ba5e7577e1d49,26.08,26.08,0.00,In stock (1 available),0
Travel,228ba5e7577e1d49,26.08,26.08,0.00,In stock (1 available),0
Travel,228ba5e7577e1d49,26.08,26.08,0.00,In stock (1 available),0
Travel,228ba5e7577e1d49,26.08,26.08,0.00,In stock (1 available),0
Travel,228ba5e7577e1d49,26.08,26.08,0.00,In stock (1 available),0
Travel,228ba5e7577e1d49,26.08,26.08,0.00,In stock (1 available),0
Travel,228ba5e7577e1d49,26.08,26.08,0.00,In stock (1 available),0
Travel,228ba5e7577e1d49,26.08,26.08,0.00,In stock (1 available),0
Travel,228ba5e7577e1d49,26.08,26.08,0.00,In stock (1 available),0
Travel,228ba5e7577e1d49,26.08,26.08,0.00,In stock (1 available),0
Travel,228ba5e7577e1d49,26.08,26.08,0.00,In stock (1 available),0
Travel,228ba5e7577e1d49,26.08,26.08,0.00,In stock (1 available),0
Travel,228ba5e7577e1d49,26.08,26.08,0.00,In stock (1 available),0
Travel,228ba5e7577e1d49,26.08,26.08,0.00,In stock (1 available),0
Travel,228ba5e7577e1d49,26.08,26.08,0.00,In stock (1 available),0
Travel,228ba5e7577e1d49,26.08,26.08,0.00,In stock (1 available),0
Travel,228ba5e7577e1d49,26.08,26.08,0.00,In stock (1 available),0
Travel,228ba5e7577e1d49,26.08,26.08,0.00,In stock (1 available),0
Travel,228ba5e7577e1d49,26.08,26.08,0.00,In stock (1 available),0
Travel,228ba5e7577e1d49,26.08,26.08,0.00,In stock (1 available),0
Travel,228ba5e7577e1d49,26.08,26.08,0.00,In stock (1 available),0
Travel,228ba5e7577e1d49,26.08,26.08,0.00,In stock (1 available),0
Travel,228ba5e7577e1d49,26.08,26.08,0.00,In stock (1 available),0
Travel,228ba5e7577e1d49,26.08,26.08,0.00,In stock (1 available),0
Travel,228ba5e7577e1d49,26.08,26.08,0.00,In stock (1 available),0
Travel,228ba5e7577e1d49,26.08,26.08,0.00,In stock (1 available),0
Travel,228ba5e7577e1d49,26.08,26.08,0.00,In stock (1 available),0
Travel,228ba5e7577e1d49,26.08,26.08,0.00,In stock (1 available),0
Travel,228ba5e7577e1d49,26.08,26.08,0.00,In stock (1 available),0
Travel,228ba5e7577e1d49,26.08,26.08,0.00,In stock (1 available),0
Travel,228ba5e7577e1d49,26.08,26.08,0.00,In stock (1 available),0
Travel,228ba5e7577e1d49,26.08,26.08,0.00,In stock (1 available),0
Travel,228ba5e7577e1d49,26.08,26.08,0.00,In stock (1 available),0
Travel,228ba5e7577e1d49,26.08,26.08,0.00,In stock (1 available),0
Travel,228ba5e7577e1d49,26.08,26.08,0.00,In stock (1 available),0
Travel,228ba5e7577e1d49,26.08,26.08,0.00,In stock (1 available),0
Travel,228ba5e7577e1d49,26.08,26.08,0.00,In stock (1 available),0
Travel,228ba5e7577e1d49,26.08,26.08,0.00,In stock (1 available),0
Travel,228ba5e7577e1d49,26.08,26.08,0.00,In stock (1 available),0
Travel,228ba5e7577e1d49,26.08,26.08,0.00,In stock (1 available),0
Travel,228ba5e7577e1d49,26.08,26.08,0.00,In stock (1 available),0
Travel,228ba5e7577e1d49,26.08,26.08,0.00,In stock (1 available),0
Travel,228ba5e7577e1d49,26.08,26.08,0.00,In stock (1 available),0
Travel,228ba5e7577e1d49,26.08,26.08,0.00,In stock (1 available),0
Travel,228ba5e7577e1d49,26.08,26.08,0.00,In stock (1 available),0
Travel,228ba5e7577e1d49,26.08,26.08,0.00,In stock (1 available),0
Travel,228ba5e7577e1d49,26.08,26.08,0.00,In stock (1 available),0
Travel,228ba5e7577e1d49,26.08,26.08,0.00,In stock (1 available),0
Travel,228ba5e7577e1d49,26.08,26.08,0.00,In stock (1 available),0
Travel,228ba5e7577e1d49,26.08,26.08,0.00,In stock (1 available),0
Travel,228ba5e7577e1d49,26.08,26.08,0.00,In stock (1 available),0
Travel,228ba5e7577e1d49,26.08,26.08,0.00,In stock (1 available),0
Travel,228ba5e7577e1d49,26.08,26.08,0.00,In stock (1 available),0
Travel,228ba5e7577e1d49,26.08,26.08,0.00,In stock (1 available),0
Travel,228ba5e7577e1d49,26.08,26.08,0.00,In stock (1 available),0
Travel,228ba5e7577e1d49,26.08,26.08,0.00,In stock (1 available),0
Travel,228ba5e7577e1d49,26.08,26.08,0.00,In stock (1 available),0
Travel,228ba5e7577e1d49,26.08,26.08,0.00,In stock (1 available),0
Travel,228ba5e7577e1d49,26.08,26.08,0.00,In stock (1 available),0
Travel,228ba5e7577e1d49,26.08,26.08,0.00,In stock (1 available),0
Travel,228ba5e7577e1d49,26.08,26.08,0.00,In stock (1 available),0
Travel,228ba5e7577e1d49,26.08,26.08,0.00,In stock (1 available),0
Travel,228ba5e7577e1d49,26.08,26.08,0.00,In stock (1 available),0
Travel,228ba5e7577e1d49,26.08,26.08,0.00,In stock (1 available),0
Travel,228ba5e7577e1d49,26.08,26.08,0.00,In stock (1 available),0
Travel,228ba5e7577e1d49,26.08,26.08,0.00,In stock (1 available),0
Travel,228ba5e7577e1d49,26.08,26.08,0.00,In stock (1 available),0
Travel,228ba5e7577e1d49,26.08,26.08,0.00,In stock (1 available),0
Travel,228ba5e7577e1d49,26.08,26.08,0.00,In stock (1 available),0
Travel,228ba5e7577e1d49,26.08,26.08,0.00,In stock (1 available),0
Travel,228ba5e7577e1d49,26.08,26.08,0.00,In stock (1 available),0
Travel,228ba5e7577e1d49,26.08,26.08,0.00,In stock (1 available),0
Travel,228ba5e7577e1d49,26.08,26.08,0.00,In stock (1 available),0
Travel,228ba5e7577e1d49,26.08,26.08,0.00,In stock (1 available),0
Travel,228ba5e7577e1d49,26.08,26.08,0.00,In stock (1 available),0
Travel,228ba5e7577e1d49,26.08,26.08,0.00,In stock (1 available),0
Travel,228ba5e7577e1d49,26.08,26.08,0.00,In stock (1 available),0
Travel,228ba5e7577e1d49,26.08,26.08,0.00,In stock (1 available),0
Travel,228ba5e7577e1d49,26.08,26.08,0.00,In stock (1 available),0
Travel,228ba5e7577e1d49,26.08,26.08,0.00,In stock (1 available),0
Travel,228ba5e7577e1d49,26.08,26.08,0.00,In stock (1 available),0
Travel,228ba5e7577e1d49,26.08,26.08,0.00,In stock (1 available),0
Travel,228ba5e7577e1d49,26.08,26.08,0.00,In stock (1 available),0
Travel,228ba5e7577e1d49,26.08,26.08,0.00,In stock (1 available),0
Travel,228ba5e7577e1d49,26.08,26.08,0.00,In stock (1 available),0
Travel,228ba5e7577e1d49,26.08,26.08,0.00,In stock (1 available),0
Travel,228ba5e7577e1d49,26.08,26.08,0.00,In stock (1 available),0
Travel,228ba5e7577e1d49,26.08,26.08,0.00,In stock (1 available),0
Travel,228ba5e7577e1d49,26.08,26.08,0.00,In stock (1 available),0
Travel,228ba5e7577e1d49,26.08,26.08,0.00,In stock (1 available),0
Travel,228ba5e7577e1d49,26.08,26.08,0.00,In stock (1 available),0
Travel,228ba5e7577e1d49,26.08,26.08,0.00,In stock (1 available),0
Travel,228ba5e7577e1d49,26.08,26.08,0.00,In stock (1 available),0
Travel,228ba5e7577e1d49,26.08,26.08,0.00,In stock (1 available),0
Travel,228ba5e7577e1d49,26.08,26.08,0.00,In stock (1 available),0
Travel,228ba5e7577e1d49,26.08,26.08,0.00,In stock (1 available),0
Travel,228ba5e7577e1d49,26.08,26.08,0.00,In stock (1 available),0
Travel,228ba5e7577e1d49,26.08,26.08,0.00,In stock (1 available),0
Travel,228ba5e7577e1d49,26.08,26.08,0.00,In stock (1 available),0
Travel,228ba5e7577e1d49,26.08,26.08,0.00,In stock (1 available),0
Travel,228ba5e7577e1d49,26.08,26.08,0.00,In stock (1 available),0
Travel,228ba5e7577e1d49,26.08,26.08,0.00,In stock (1 available),0
Travel,228ba5e7577e1d49,26.08,26.08,0.00,In stock (1 available),0
Travel,228ba5e7577e1d49,26.08,26.08,0.00,In stock (1 available),0
Travel,228ba5e7577e1d49,26.08,26.08,0.00,In stock (1 available),0
Travel,228ba5e7577e1d49,26.08,26.08,0.00,In stock (1 available),0
Travel,228ba5e7577e1d49,26.08,26.08,0.00,In stock (1 available),0
Travel,228ba5e7577e1d49,26.08,26.08,0.00,In stock (1 available),0
Travel,228ba5e7577e1d49,26.08,26.08,0.00,In stock (1 available),0
Travel,228ba5e7577e1d49,26.08,26.08,0.00,In stock (1 available),0
Travel,228ba5e7577e1d49,26.08,26.08,0.00,In stock (1 available),0
Travel,228ba5e7577e1d49,26.08,26.08,0.00,In stock (1 available),0
Travel,228ba5e7577e1d49,26.08,26.08,0.00,In stock (1 available),0
Travel,228ba5e7577e1d49,26.08,26.08,0.00,In stock (1 available),0
Travel,228ba5e7577e1d49,26.08,26.08,0.00,In stock (1 available),0
Travel,228ba5e7577e1d49,26.08,26.08,0.00,In stock (1 available),0
Travel,228ba5e7577e1d49,26.08,26.08,0.00,In stock (1 available),0
Travel,228ba5e7577e1d49,26.08,26.08,0.00,In stock (1 available),0
Travel,228ba5e7577e1d49,26.08,26.08,0.00,In stock (1 available),0
Travel,228ba5e7577e1d49,26.08,26.08,0.00,In stock (1 available),0
Travel,228ba5e7577e1d49,26.08,26.08,0.00,In stock (1 available),0
Travel,228ba5e7577e1d49,26.08,26.08,0.00,In stock (1 available),0
Travel,228ba5e7577e1d49,26.08,26.08,0.00,In stock (1 available),0
Travel,228ba5e7577e1d49,26.08,26.08,0.00,In stock (1 available),0
Travel,228ba5e7577e1d49,26.08,26.08,0.00,In stock (1 available),0
Travel,228ba5e7577e1d49,26.08,26.08,0.00,In stock (1 available),0
Travel,228ba5e7577e1d49,26.08,26.08,0.00,In stock (1 available),0
Travel,228ba5e7577e1d49,26.08,26.08,0.00,In stock (1 available),0
Travel,228ba5e7577e1d49,26.08,26.08,0.00,In stock (1 available),0
Travel,228ba5e7577e1d49,26.08,26.08,0.00,In stock (1 available),0
Travel,228ba5e7577e1d49,26.08,26.08,0.00,In stock (1 available),0
Travel,228ba5e7577e1d49,26.08,26.08,0.00,In stock (1 available),0
Travel,228ba5e7577e1d49,26.08,26.08,0.00,In stock (1 available),0
Travel,228ba5e7577e1d49,26.08,26.08,0.00,In stock (1 available),0
Travel,228ba5e7577e1d49,26.08,26.08,0.00,In stock (1 available),0
Travel,228ba5e7577e1d49,26.08,26.08,0.00,In stock (1 available),0
Travel,228ba5e7577e1d49,26.08,26.08,0.00,In stock (1 available),0
Travel,228ba5e7577e1d49,26.08,26.08,0.00,In stock (1 available),0
Travel,228ba5e7577e1d49,26.08,26.08,0.00,In stock (1 available),0
Travel,228ba5e7577e1d49,26.08,26.08,0.00,In stock (1 available),0
Travel,228ba5e7577e1d49,26.08,26.08,0.00,In stock (1 available),0
Travel,228ba5e7577e1d49,26.08,26.08,0.00,In stock (1 available),0
Travel,228ba5e7577e1d49,26.08,26.08,0.00,In stock (1 available),0
Travel,228ba5e7577e1d49,26.08,26.08,0.00,In stock (1 available),0
Travel,228ba5e7577e1d49,26.08,26.08,0.00,In stock (1 available),0
Travel,228ba5e7577e1d49,26.08,26.08,0.00,In stock (1 available),0
Travel,228ba5e7577e1d49,26.08,26.08,0.00,In stock (1 available),0
Travel,228ba5e7577e1d49,26.08,26.08,0.00,In stock (1 available),0
Travel,228ba5e7577e1d49,26.08,26.08,0.00,In stock (1 available),0
Travel,228ba5e7577e1d49,26.08,26.08,0.00,In stock (1 available),0
Travel,228ba5e7577e1d49,26.08,26.08,0.00,In stock (1 available),0
Travel,228ba5e7577e1d49,26.08,26.08,0.00,In stock (1 available),0
Travel,228ba5e7577e1d49,26.08,26.08,0.00,In stock (1 available),0
Travel,228ba5e7577e1d49,26.08,26.08,0.00,In stock (1 available),0
Travel,228ba5e7577e1d49,26.08,26.08,0.00,In stock (1 available),0
Travel,228ba5e7577e1d49,26.08,26.08,0.00,In stock (1 available),0
Travel,228ba5e7577e1d49,26.08,26.08,0.00,In stock (1 available),0
Travel,228ba5e7577e1d49,26.08,26.08,0.00,In stock (1 available),0
Travel,228ba5e7577e1d49,26.08,26.08,0.00,In stock (1 available),0
Travel,228ba5e7577e1d49,26.08,26.08,0.00,In stock (1 available),0
Travel,228ba5e7577e1d49,26.08,26.08,0.00,In stock (1 available),0
Travel,228ba5e7577e1d49,26.08,26.08,0.00,In stock (1 available),0
Travel,228ba5e7577e1d49,26.08,26.08,0.00,In stock (1 available),0
Travel,228ba5e7577e1d49,26.08,26.08,0.00,In stock (1 available),0
Travel,228ba5e7577e1d49,26.08,26.08,0.00,In stock (1 available),0
Travel,228ba5e7577e1d49,26.08,26.08,0.00,In stock (1 available),0
Travel,228ba5e7577e1d49,26.08,26.08,0.00,In stock (1 available),0
Travel,228ba5e7577e1d49,26.08,26.08,0.00,In stock (1 available),0
Travel,228ba5e7577e1d49,26.08,26.08,0.00,In stock (1 available),0
Travel,228ba5e7577e1d49,26.08,26.08,0.00,In stock (1 available),0
Travel,228ba5e7577e1d49,26.08,26.08,0.00,In stock (1 available),0
Travel,228ba5e7577e1d49,26.08,26.08,0.00,In stock (1 available),0
Travel,228ba5e7577e1d49,26.08,26.08,0.00,In stock (1 available),0
Travel,228ba5e7577e1d49,26.08,26.08,0.00,In stock (1 available),0
Travel,228ba5e7577e1d49,26.08,26.08,0.00,In stock (1 available),0
Travel,228ba5e7577e1d49,26.08,26.08,0.00,In stock (1 available),0
Travel,228ba5e7577e1d49,26.08,26.08,0.00,In stock (1 available),0
Travel,228ba5e7577e1d49,26.08,26.08,0.00,In stock (1 available),0
Travel,228ba5e7577e1d49,26.08,26.08,0.00,In stock (1 available),0
Travel,228ba5e7577e1d49,26.08,26.08,0.00,In stock (1 available),0
Travel,228ba5e7577e1d49,26.08,26.08,0.00,In stock (1 available),0
Travel,228ba5e7577e1d49,26.08,26.08,0.00,In stock (1 available),0
Travel,228ba5e7577e1d49,26.08,26.08,0.00,In stock (1 available),0
Travel,228ba5e7577e1d49,26.08,26.08,0.00,In stock (1 available),0
Travel,228ba5e7577e1d49,26.08,26.08,0.00,In stock (1 available),0
Travel,228ba5e7577e1d49,26.08,26.08,0.00,In stock (1 available),0
Travel,228ba5e7577e1d49,26.08,26.08,0.00,In stock (1 available),0
Travel,228ba5e7577e1d49,26.08,26.08,0.00,In stock (1 available),0
Travel,228ba5e7577e1d49,26.08,26.08,0.00,In stock (1 available),0
Travel,228ba5e7577e1d49,26.08,26.08,0.00,In stock (1 available),0
Travel,228ba5e7577e1d49,26.08,26.08,0.00,In stock (1 available),0
Travel,228ba5e7577e1d49,26.08,26.08,0.00,In stock (1 available),0
Travel,228ba5e7577e1d49,26.08,26.08,0.00,In stock (1 available),0
Travel,228ba5e7577e1d49,26.08,26.08,0.00,In stock (1 available),0
Travel,228ba5e7577e1d49,26.08,26.08,0.00,In stock (1 available),0
Travel,228ba5e7577e1d49,26.08,26.08,0.00,In stock (1 available),0
Travel,228ba5e7577e1d49,26.08,26.08,0.00,In stock (1 available),0
Travel,228ba5e7577e1d49,26.08,26.08,0.00,In stock (1 available),0
Travel,228ba5e7577e1d49,26.08,26.08,0.00,In stock (1 available),0
Travel,228ba5e7577e1d49,26.08,26.08,0.00,In stock (1 available),0
Travel,228ba5e7577e1d49,26.08,26.08,0.00,In stock (1 available),0
Travel,228ba5e7577e1d49,26.08,26.08,0.00,In stock (1 available),0
Travel,228ba5e7577e1d49,26.08,26.08,0.00,In stock (1 available),0
Travel,228ba5e7577e1d49,26.08,26.08,0.00,In stock (1 available),0
Travel,228ba5e7577e1d49,26.08,26.08,0.00,In stock (1 available),0
Travel,228ba5e7577e1d49,26.08,26.08,0.00,In stock (1 available),0
Travel,228ba5e7577e1d49,26.08,26.08,0.00,In stock (1 available),0
Travel,228ba5e7577e1d49,26.08,26.08,0.00,In stock (1 available),0
Travel,228ba5e7577e1d49,26.08,26.08,0.00,In stock (1 available),0
Travel,228ba5e7577e1d49,26.08,26.08,0.00,In stock (1 available),0
Travel,228ba5e7577e1d49,26.08,26.08,0.00,In stock (1 available),0
Travel,228ba5e7577e1d49,26.08,26.08,0.00,In stock (1 available),0
Travel,228ba5e7577e1d49,26.08,26.08,0.00,In stock (1 available),0
Travel,228ba5e7577e1d49,26.08,26.08,0.00,In stock (1 available),0
Travel,228ba5e7577e1d49,26.08,26.08,0.00,In stock (1 available),0
Travel,228ba5e7577e1d49,26.08,26.08,0.00,In stock (1 available),0
Travel,228ba5e7577e1d49,26.08,26.08,0.00,In stock (1 available),0
Travel,228ba5e7577e1d49,26.08,26.08,0.00,In stock (1 available),0
Travel,228ba5e7577e1d49,26.08,26.08,0.00,In stock (1 available),0
Travel,228ba5e7577e1d49,26.08,26.08,0.00,In stock (1 available),0
Travel,228ba5e7577e1d49,26.08,26.08,0.00,In stock (1 available),0
Travel,228ba5e7577e1d49,26.08,26.08,0.00,In stock (1 available),0
Travel,228ba5e7577e1d49,26.08,26.08,0.00,In stock (1 available),0
Travel,228ba5e7577e1d49,26.08,26.08,0.00,In stock (1 available),0
Travel,228ba5e7577e1d49,26.08,26.08,0.00,In stock (1 available),0
Travel,228ba5e7577e1d49,26.08,26.08,0.00,In stock (1 available),0
Travel,228ba5e7577e1d49,26.08,26.08,0.00,In stock (1 available),0
Travel,228ba5e7577e1d49,26.08,26.08,0.00,In stock (1 available),0
Travel,228ba5e7577e1d49,26.08,26.08,0.00,In stock (1 available),0
Travel,228ba5e7577e1d49,26.08,26.08,0.00,In stock (1 available),0
Travel,228ba5e7577e1d49,26.08,26.08,0.00,In stock (1 available),0
Travel,228ba5e7577e1d49,26.08,26.08,0.00,In stock (1 available),0
Travel,228ba5e7577e1d49,26.08,26.08,0.00,In stock (1 available),0
Travel,228ba5e7577e1d49,26.08,26.08,0.00,In stock (1 available),0
Travel,228ba5e7577e1d49,26.08,26.08,0.00,In stock (1 available),0
Travel,228ba5e7577e1d49,26.08,26.08,0.00,In stock (1 available),0
Travel,228ba5e7577e1d49,26.08,26.08,0.00,In stock (1 available),0
Travel,228ba5e7577e1d49,26.08,26.08,0.00,In stock (1 available),0
Travel,228ba5e7577e1d49,26.08,26.08,0.00,In stock (1 available),0
Travel,228ba5e7577e1d49,26.08,26.08,0.00,In stock (1 available),0
Travel,228ba5e7577e1d49,26.08,26.08,0.00,In stock (1 available),0
Travel,228ba5e7577e1d49,26.08,26.08,0.00,In stock (1 available),0
Travel,228ba5e7577e1d49,26.08,26.08,0.00,In stock (1 available),0
Travel,228ba5e7577e1d49,26.08,26.08,0.00,In stock (1 available),0
Travel,228ba5e7577e1d49,26.08,26.08,0.00,In stock (1 available),0
Travel,228ba5e7577e1d49,26.08,26.08,0.00,In stock (1 available),0
Travel,228ba5e7577e1d49,26.08,26.08,0.00,In stock (1 available),0
Travel,228ba5e7577e1d49,26.08,26.08,0.00,In stock (1 available),0
Travel,228ba5e7577e1d49,26.08,26.08,0.00,In stock (1 available),0
Travel,228ba5e7577e1d49,26.08,26.08,0.00,In stock (1 available),0
Travel,228ba5e7577e1d49,26.08,26.08,0.00,In stock (1 available),0
Travel,228ba5e7577e1d49,26.08,26.08,0.00,In stock (1 available),0
Travel,228ba5e7577e1d49,26.08,26.08,0.00,In stock (1 available),0
Travel,228ba5e7577e1d49,26.08,26.08,0.00,In stock (1 available),0
Travel,228ba5e7577e1d49,26.08,26.08,0.00,In stock (1 available),0
Travel,228ba5e7577e1d49,26.08,26.08,0.00,In stock (1 available),0
Travel,228ba5e7577e1d49,26.08,26.08,0.00,In stock (1 available),0
Travel,228ba5e7577e1d49,26.08,26.08,0.00,In stock (1 available),0
Travel,228ba5e7577e1d49,26.08,26.08,0.00,In stock (1 available),0
Travel,228ba5e7577e1d49,26.08,26.08,0.00,In stock (1 available),0
Travel,228ba5e7577e1d49,26.08,26.08,0.00,In stock (1 available),0
Travel,228ba5e7577e1d49,26.08,26.08,0.00,In stock (1 available),0
Travel,228ba5e7577e1d49,26.08,26.08,0.00,In stock (1 available),0
